,Page total likes,Type,Category,Post Month,Post Weekday,Post Hour,Paid,Lifetime Post Total Reach,Lifetime Post Total Impressions,Lifetime Engaged Users,Lifetime Post Consumers,Lifetime Post Consumptions,Lifetime Post Impressions by people who have liked your Page,Lifetime Post reach by people who like your Page,Lifetime People who have liked your Page and engaged with your post,comment,like,share,Total Interactions,People who are not interested in the post,New Viewers
0,139441,Photo,Product,December,Wednesday,3,No,2752,5091,178,109,159,3078,1640,119,4,79.0,17.0,100,2574,1112
1,139441,Status,Product,December,Tuesday,10,No,10460,19057,1457,1361,1674,11710,6112,1108,5,130.0,29.0,164,9003,4348
2,139441,Photo,Inspiration,December,Tuesday,3,No,2413,4373,177,113,154,2812,1503,132,0,66.0,14.0,80,2236,910
3,139441,Photo,Product,December,Monday,10,Yes,50128,87991,2211,790,1119,61027,32048,1386,58,1572.0,147.0,1777,47917,18080
4,139441,Photo,Product,December,Monday,3,No,7244,13594,671,410,580,6228,3200,396,19,325.0,49.0,393,6573,4044
5,139441,Status,Product,December,Sunday,9,No,10472,20849,1191,1073,1389,16034,7852,1016,1,152.0,33.0,186,9281,2620
6,139441,Photo,Inspiration,December,Sunday,3,Yes,11692,19479,481,265,364,15432,9328,379,3,249.0,27.0,279,11211,2364
7,139441,Photo,Inspiration,December,Saturday,9,Yes,13720,24137,537,232,305,19728,11056,422,0,325.0,14.0,339,13183,2664
8,139441,Status,Product,December,Saturday,3,No,11844,22538,1530,1407,1692,15220,7912,1250,0,161.0,31.0,192,10314,3932
9,139441,Photo,Inspiration,December,Friday,10,No,4694,8668,280,183,250,4309,2324,199,3,113.0,26.0,142,4414,2370
10,139441,Status,Product,December,Thursday,10,No,21744,42334,4258,4100,4540,37849,18952,3798,0,233.0,19.0,252,17486,2792
11,139441,Photo,Product,December,Thursday,10,No,3112,5590,208,127,145,3887,2174,165,0,88.0,18.0,106,2904,938
12,139441,Photo,Product,December,Thursday,10,No,2847,5133,193,115,133,3779,2072,152,0,90.0,14.0,104,2654,775
13,139441,Photo,Product,December,Thursday,3,No,2549,4896,249,134,168,3631,1917,183,5,137.0,10.0,152,2300,632
14,138414,Photo,Product,December,Wednesday,5,Yes,22784,39941,887,337,417,34415,19312,684,2,577.0,20.0,599,21897,3472
15,138414,Status,Product,December,Tuesday,10,No,10060,19680,1264,1209,1425,17272,8548,1162,4,86.0,18.0,108,8796,1512
16,138414,Photo,Inspiration,December,Tuesday,3,No,1722,2981,163,123,148,1868,1050,123,2,40.0,12.0,54,1559,672
17,138414,Photo,Action,December,Monday,12,Yes,53264,111785,1706,1103,1655,92512,39776,1307,15,678.0,20.0,713,51558,13488
18,138414,Status,Inspiration,December,Monday,3,No,3930,7509,130,86,112,5009,2410,101,4,54.0,17.0,75,3800,1520
19,138414,Photo,Inspiration,December,Sunday,11,No,1591,2825,121,88,111,2116,1161,100,0,34.0,8.0,42,1470,430
20,138414,Photo,Product,December,Sunday,3,No,2848,5066,200,142,184,3561,1963,157,3,66.0,12.0,81,2648,885
21,138414,Photo,Action,December,Saturday,10,No,1384,2467,15,15,20,2196,1172,15,0,0.0,0.0,0,1369,212
22,138414,Link,Action,December,Saturday,10,No,3454,6853,118,104,130,6282,3100,106,0,16.0,2.0,18,3336,354
23,138414,Photo,Inspiration,December,Saturday,3,No,2723,4888,176,118,143,2964,1621,143,0,72.0,24.0,96,2547,1102
24,138414,Status,Product,December,Friday,10,No,8488,15294,1341,1270,1489,9684,5244,995,3,99.0,19.0,121,7147,3244
25,138458,Status,Product,December,Friday,3,No,8284,15104,1521,1462,1711,10266,5372,1200,0,88.0,18.0,106,6763,2912
26,138458,Status,Product,December,Thursday,11,No,19552,34143,2806,2531,3420,17748,9824,1779,10,412.0,72.0,494,16746,9728
27,138458,Photo,Inspiration,December,Thursday,3,No,2478,4306,212,124,149,2612,1443,166,0,100.0,17.0,117,2266,1035
28,138895,Photo,Product,December,Thursday,3,No,9560,18264,973,559,885,9217,4748,621,36,523.0,63.0,622,8587,4812
29,138895,Video,Action,December,Wednesday,11,Yes,36208,61262,1141,1068,1728,30131,14112,559,18,143.0,13.0,174,35067,22096
30,138895,Photo,Product,December,Wednesday,2,No,4940,9390,385,306,501,5860,2930,273,33,107.0,22.0,162,4555,2010
31,138895,Photo,Product,December,Tuesday,10,No,1683,2929,192,171,221,1585,858,131,1,27.0,11.0,39,1491,825
32,138895,Photo,Inspiration,December,Tuesday,3,No,5280,9578,368,237,345,4480,2422,268,2,155.0,47.0,204,4912,2858
33,138895,Photo,Inspiration,December,Monday,9,No,3002,5318,268,185,247,3039,1676,194,4,98.0,23.0,125,2734,1326
34,138895,Photo,Action,December,Monday,3,No,3766,7149,298,260,431,5782,2938,244,2,56.0,17.0,75,3468,828
35,138895,Photo,Product,December,Sunday,11,No,4512,7808,423,284,431,5183,2954,316,6,172.0,21.0,199,4089,1558
36,138895,Photo,Inspiration,December,Sunday,3,No,2690,4628,252,168,226,3052,1727,199,0,96.0,17.0,113,2438,963
37,138895,Photo,Action,December,Saturday,10,Yes,19800,28663,479,424,805,5187,2752,248,16,76.0,8.0,100,19321,17048
38,138895,Status,Product,December,Saturday,9,No,17576,33058,5352,5202,6547,23135,11792,4104,11,227.0,31.0,269,12224,5784
39,138895,Photo,Action,December,Saturday,3,No,3290,6085,306,284,402,4986,2584,247,1,44.0,14.0,59,2984,706
40,138895,Status,Product,December,Friday,11,No,13280,24198,2055,1912,2720,17627,9344,1716,7,216.0,39.0,262,11225,3936
41,138895,Link,Action,December,Friday,3,Yes,18480,28438,517,366,460,12078,6752,319,6,187.0,18.0,211,17963,11728
42,138353,Photo,Action,December,Thursday,10,No,7268,13989,2087,2079,12074,13544,7096,1975,7,26.0,3.0,36,5181,172
43,138353,Link,Action,December,Thursday,3,Yes,2645,4270,134,109,170,2330,1377,101,7,29.0,10.0,46,2511,1268
44,138353,Photo,Action,December,Wednesday,11,No,4284,8387,355,316,513,7283,3634,291,0,47.0,11.0,58,3929,650
45,138353,Link,Action,December,Wednesday,3,Yes,7968,13023,206,158,223,6734,3492,138,4,57.0,10.0,71,7762,4476
46,138353,Status,Action,December,Tuesday,11,No,16576,30612,3572,3464,4802,24363,12888,3014,4,174.0,36.0,214,13004,3688
47,138353,Link,Action,December,Tuesday,2,No,1925,3481,97,83,126,2307,1180,77,6,18.0,8.0,32,1828,745
48,138353,Photo,Action,December,Monday,11,No,3786,7329,338,283,450,6336,3216,280,0,77.0,15.0,92,3448,570
49,138353,Link,Action,December,Monday,2,No,1536,3094,84,76,99,2903,1407,76,1,12.0,1.0,14,1452,129
50,138353,Photo,Product,November,Sunday,9,No,1728,3155,108,65,95,2313,1232,77,1,48.0,9.0,58,1620,496
51,138329,Photo,Action,November,Sunday,3,Yes,25248,40125,726,467,863,16132,8608,451,24,285.0,28.0,337,24522,16640
52,138329,Photo,Action,November,Saturday,9,No,4894,8899,355,181,264,4914,2712,246,9,202.0,31.0,242,4539,2182
53,138329,Photo,Action,November,Saturday,3,No,2935,5439,237,182,401,3901,2044,201,4,64.0,19.0,87,2698,891
54,138329,Photo,Action,November,Friday,10,No,2425,4462,260,213,433,3017,1510,175,4,66.0,13.0,83,2165,915
55,138329,Video,Action,November,Friday,2,Yes,16416,31950,459,411,539,21436,9568,363,2,65.0,14.0,81,15957,6848
56,138329,Photo,Action,November,Thursday,11,No,5812,10465,343,204,301,4976,2764,240,2,164.0,54.0,220,5469,3048
57,138329,Photo,Action,November,Thursday,3,No,2545,4846,165,131,167,3675,1901,134,0,40.0,13.0,53,2380,644
58,138329,Photo,Action,November,Wednesday,10,No,2257,4372,230,173,327,3188,1557,168,3,76.0,11.0,90,2027,700
59,138329,Photo,Action,November,Wednesday,3,Yes,27072,84885,421,304,487,35637,9712,263,4,139.0,17.0,160,26651,17360
60,138185,Photo,Action,November,Tuesday,11,Yes,10940,27951,417,335,591,15066,5100,319,8,101.0,14.0,123,10523,5840
61,138185,Photo,Action,November,Tuesday,2,Yes,50912,164528,630,513,952,54653,12704,346,8,144.0,10.0,162,50282,38208
62,138185,Photo,Action,November,Monday,10,Yes,28752,47358,802,654,1268,14091,7456,408,10,179.0,13.0,202,27950,21296
63,138185,Photo,Action,November,Monday,3,Yes,27216,81908,541,335,540,26869,7760,315,4,219.0,22.0,245,26675,19456
64,138185,Photo,Action,November,Sunday,10,No,2352,5234,232,182,258,4101,1761,181,2,60.0,7.0,69,2120,591
65,138185,Photo,Action,November,Sunday,3,No,3416,6167,356,298,641,4530,2388,280,19,77.0,23.0,119,3060,1028
66,138185,Photo,Action,November,Saturday,11,No,2149,4120,197,156,219,3302,1640,161,0,48.0,7.0,55,1952,509
67,138185,Photo,Action,November,Saturday,3,Yes,53456,93790,1576,995,1469,32646,14912,884,20,697.0,70.0,787,51880,38544
68,138185,Photo,Action,November,Friday,11,No,2168,3891,211,168,202,2873,1539,171,0,53.0,17.0,70,1957,629
69,137893,Photo,Action,November,Friday,3,No,3102,5939,360,288,512,3537,1780,275,7,84.0,28.0,119,2742,1322
70,137893,Photo,Action,November,Thursday,10,Yes,39344,103050,588,460,695,39304,11392,336,7,146.0,9.0,162,38756,27952
71,137893,Video,Action,November,Thursday,3,Yes,100768,220447,2101,1735,2331,59658,18880,885,17,449.0,84.0,550,98667,81888
72,137893,Status,Inspiration,November,Wednesday,11,No,9056,16362,1006,847,1153,9562,5180,740,3,226.0,44.0,273,8050,3876
73,137893,Photo,Action,November,Wednesday,2,Yes,11444,46054,555,418,717,13737,4320,438,14,172.0,47.0,233,10889,7124
74,137893,Video,Action,November,Tuesday,11,No,13544,30235,517,458,667,26622,11760,447,2,99.0,13.0,114,13027,1784
75,137893,Photo,Action,November,Tuesday,2,Yes,37376,68610,1150,808,1341,22100,10880,724,20,411.0,74.0,505,36226,26496
76,137893,Photo,Action,November,Tuesday,2,No,1228,2392,17,17,19,2392,1228,17,0,0.0,0.0,0,1211,0
77,137177,Photo,Action,November,Sunday,10,No,22984,59040,438,374,542,12716,4968,262,4,85.0,8.0,97,22546,18016
78,137177,Photo,Product,November,Sunday,3,No,1445,2774,217,167,211,1924,1005,154,0,56.0,8.0,64,1228,440
79,137177,Photo,Action,November,Saturday,12,No,3754,8533,658,640,2085,6838,3224,598,2,29.0,7.0,38,3096,530
80,137177,Status,Product,November,Saturday,3,No,8728,17827,2295,2235,2828,15418,7344,2099,2,86.0,13.0,101,6433,1384
81,137177,Photo,Inspiration,November,Friday,10,No,5990,11123,657,361,512,5057,2628,428,18,370.0,53.0,441,5333,3362
82,137177,Photo,Action,November,Friday,3,No,4582,9193,454,306,431,3691,1722,305,5,190.0,57.0,252,4128,2860
83,137177,Photo,Inspiration,November,Thursday,10,Yes,2938,5799,321,243,379,3668,1848,236,2,101.0,19.0,122,2617,1090
84,137177,Status,Inspiration,November,Thursday,2,No,6692,13092,199,108,141,7549,3336,156,2,99.0,16.0,117,6493,3356
85,137177,Photo,Action,November,Wednesday,9,Yes,2566,5244,384,280,469,3834,1806,266,10,140.0,8.0,158,2182,760
86,137177,Link,Action,November,Wednesday,3,No,21176,54779,330,228,329,13858,5248,185,2,130.0,31.0,163,20846,15928
87,137177,Photo,Inspiration,November,Tuesday,10,No,4012,7955,550,319,477,4625,2218,403,3,270.0,38.0,311,3462,1794
88,137177,Photo,Action,November,Tuesday,3,No,1531,2838,212,189,1359,1210,690,143,3,30.0,6.0,39,1319,841
89,137059,Photo,Action,November,Monday,11,Yes,2938,6056,374,283,483,4509,2078,287,2,107.0,17.0,126,2564,860
90,137059,Photo,Action,November,Monday,3,No,24720,37240,845,564,850,14475,8120,504,13,331.0,77.0,421,23875,16600
91,137059,Photo,Product,November,Sunday,9,No,2219,4545,287,220,329,3189,1495,221,0,78.0,13.0,91,1932,724
92,137059,Photo,Inspiration,November,Sunday,3,No,4732,9303,607,352,518,6201,3136,445,9,301.0,32.0,342,4125,1596
93,137059,Photo,Inspiration,November,Saturday,9,No,2225,4239,310,216,289,2570,1389,233,2,111.0,16.0,129,1915,836
94,137059,Photo,Product,November,Saturday,4,No,2626,4943,316,213,299,3047,1605,244,2,124.0,22.0,148,2310,1021
95,137059,Photo,Inspiration,October,Friday,10,No,3090,5744,391,257,360,3521,1796,293,5,153.0,27.0,185,2699,1294
96,137059,Photo,Action,October,Friday,3,No,1101,2548,324,287,2418,1284,704,220,3,51.0,11.0,65,777,397
97,137059,Photo,Product,October,Thursday,11,No,2819,5230,318,218,303,3128,1622,240,1,115.0,26.0,142,2501,1197
98,137020,Status,Product,October,Thursday,3,Yes,12468,24917,2143,1966,2576,15850,7636,1661,7,310.0,61.0,378,10325,4832
99,137020,Photo,Action,October,Wednesday,10,No,12776,21893,785,539,881,13272,7800,575,12,328.0,90.0,430,11991,4976
100,137020,Photo,Action,October,Wednesday,9,Yes,1357,2453,37,37,55,2154,1120,32,0,0.0,0.0,0,1320,237
101,137020,Photo,Product,October,Wednesday,3,No,68896,104952,2624,1326,1952,35707,19840,1354,26,1505.0,95.0,1626,66272,49056
102,137020,Photo,Inspiration,October,Tuesday,10,No,1711,3174,288,245,339,2226,1118,205,2,63.0,14.0,79,1423,593
103,137020,Photo,Action,October,Tuesday,4,No,1388,2544,224,219,931,2161,1214,172,0,13.0,4.0,17,1164,174
104,137020,Photo,Action,October,Monday,11,Yes,2645,5472,357,315,482,4485,2101,265,4,59.0,9.0,72,2288,544
105,137020,Photo,Action,October,Monday,4,No,70144,111745,3216,2628,4782,43671,20608,1542,42,955.0,139.0,1136,66928,49536
106,137020,Photo,Inspiration,October,Sunday,11,No,3674,7221,452,330,487,3832,1890,328,9,181.0,32.0,222,3222,1784
107,136736,Status,Product,October,Sunday,4,No,9504,19556,1132,1032,1512,16018,7616,981,17,193.0,28.0,238,8372,1888
108,136736,Photo,Inspiration,October,Saturday,9,No,2426,4469,320,237,325,3120,1684,248,7,125.0,16.0,148,2106,742
109,136736,Status,Product,October,Saturday,3,No,13872,27468,2664,2570,3395,20198,10432,2252,4,217.0,50.0,271,11208,3440
110,136736,Photo,Action,October,Friday,10,No,1673,3655,338,324,1619,2598,1469,268,2,28.0,4.0,34,1335,204
111,136736,Photo,Action,October,Friday,8,No,1261,2158,37,37,49,1911,1077,33,0,,,0,1224,184
112,136736,Photo,Product,October,Friday,4,No,2428,4510,311,238,323,2888,1560,236,4,117.0,18.0,139,2117,868
113,136642,Photo,Product,October,Sunday,3,Yes,2227,4070,369,314,430,3227,1702,306,2,79.0,16.0,97,1858,525
114,136642,Photo,Action,October,Saturday,13,No,1592,2749,370,356,414,2551,1454,327,0,15.0,2.0,17,1222,138
115,136642,Photo,Action,October,Saturday,12,Yes,813,1568,323,319,387,1402,695,280,0,4.0,2.0,6,490,118
116,136642,Photo,Action,October,Saturday,12,No,32208,57472,1810,1490,2286,56149,31648,1724,1,431.0,26.0,458,30398,560
117,136642,Photo,Action,October,Saturday,11,No,729,1374,303,298,331,1284,650,262,0,7.0,0.0,7,426,79
118,136642,Photo,Action,October,Saturday,10,No,834,1570,399,392,510,1390,704,351,0,7.0,2.0,9,435,130
119,136393,Photo,Action,October,Saturday,10,No,786,1573,263,257,318,1401,660,222,0,6.0,2.0,8,523,126
120,136393,Photo,Action,October,Saturday,9,No,584,1029,273,271,308,943,511,232,0,2.0,,2,311,73
121,136393,Status,Product,October,Saturday,9,No,15816,30514,2733,2654,3289,23584,11912,2361,6,186.0,40.0,232,13083,3904
122,136393,Photo,Action,October,Saturday,8,No,619,1096,257,254,292,951,516,217,1,1.0,2.0,4,362,103
123,136393,Photo,Action,October,Saturday,7,No,617,1071,229,223,265,935,521,191,1,3.0,2.0,6,388,96
124,136393,Photo,Action,October,Saturday,6,No,677,1285,251,246,297,1210,615,211,0,7.0,,7,426,62
125,136393,Photo,Action,October,Saturday,5,No,677,1240,236,228,264,1098,580,196,0,7.0,2.0,9,441,97
126,136393,Photo,Inspiration,October,Saturday,3,No,3366,6647,474,345,495,3180,1674,385,3,198.0,41.0,242,2892,1692
127,136393,Photo,Action,October,Friday,13,No,747,1443,226,220,287,1252,632,194,0,9.0,1.0,10,521,115
128,136393,Photo,Action,October,Friday,13,No,645,1117,195,192,224,989,554,166,0,4.0,1.0,5,450,91
129,136393,Photo,Action,October,Friday,12,No,754,1510,206,205,252,1430,690,175,0,3.0,0.0,3,548,64
130,136393,Photo,Action,October,Friday,11,No,910,1673,207,201,247,1503,782,176,0,8.0,2.0,10,703,128
131,136393,Photo,Action,October,Friday,9,No,3906,8239,868,863,2632,7736,3768,774,0,7.0,3.0,10,3038,138
132,136393,Photo,Action,October,Friday,9,No,659,1158,199,194,239,1041,576,169,1,7.0,2.0,10,460,83
133,136393,Photo,Action,October,Friday,8,No,652,1331,214,206,249,1249,588,182,0,11.0,1.0,12,438,64
134,136393,Photo,Action,October,Friday,6,No,861,1565,214,192,239,1351,717,180,2,28.0,4.0,34,647,144
135,136393,Photo,Action,October,Friday,2,No,3690,7659,424,388,644,6951,3290,377,0,56.0,12.0,68,3266,400
136,136393,Link,Action,October,Thursday,10,No,4664,9463,204,182,251,7196,3324,173,0,32.0,16.0,48,4460,1340
137,136013,Photo,Action,October,Thursday,8,No,1080,2427,210,189,249,2195,934,184,4,32.0,3.0,39,870,146
138,136013,Status,Product,October,Thursday,3,No,8896,17202,1480,1426,1932,13838,7020,1292,0,129.0,25.0,154,7416,1876
139,136013,Photo,Action,October,Wednesday,10,Yes,4018,8617,428,374,616,6677,2992,351,4,77.0,19.0,100,3590,1026
140,136013,Link,Action,October,Wednesday,3,No,68992,229733,1032,975,1345,17842,8032,635,15,143.0,44.0,202,67960,60960
141,136013,Status,Inspiration,October,Tuesday,10,No,13152,25666,2543,2438,3179,20547,10280,2278,2,227.0,36.0,265,10609,2872
142,136013,Status,Product,October,Tuesday,2,Yes,31136,59964,6164,5934,9237,35977,18048,4376,60,859.0,90.0,1009,24972,13088
143,136013,Photo,Inspiration,October,Monday,10,Yes,16776,39549,714,440,720,11860,6200,590,10,377.0,60.0,447,16062,10576
144,136013,Photo,Action,October,Monday,3,Yes,50736,140432,1462,1450,8308,46252,15552,1275,3,41.0,9.0,53,49274,35184
145,136013,Photo,Action,October,Sunday,10,Yes,5324,11040,528,483,861,8627,4054,448,6,76.0,14.0,96,4796,1270
146,136013,Photo,Inspiration,October,Sunday,3,No,18120,44940,421,282,463,4401,2616,327,0,189.0,15.0,204,17699,15504
147,135713,Photo,Inspiration,October,Saturday,10,No,2291,3960,303,243,325,3020,1723,253,0,80.0,14.0,94,1988,568
148,135713,Status,Product,October,Saturday,4,No,10744,20691,1967,1877,2201,17502,8964,1834,3,148.0,28.0,179,8777,1780
149,135713,Link,Action,October,Friday,11,Yes,3616,6887,111,90,118,4263,2138,93,0,24.0,11.0,35,3505,1478
150,135713,Photo,Action,October,Friday,4,No,39984,112830,2105,1921,3932,70249,21328,1609,24,302.0,41.0,367,37879,18656
151,135713,Photo,Product,October,Thursday,11,No,4010,7444,477,370,534,4406,2362,354,2,166.0,32.0,200,3533,1648
152,135713,Photo,Product,October,Thursday,4,Yes,6564,12097,806,602,957,7682,4024,563,47,358.0,49.0,454,5758,2540
153,135713,Photo,Action,October,Wednesday,10,No,8612,20151,813,727,1390,16890,7208,630,7,161.0,25.0,193,7799,1404
154,135713,Photo,Product,October,Wednesday,1,No,5568,10282,746,545,867,5696,3162,537,13,319.0,55.0,387,4822,2406
155,135700,Photo,Product,September,Tuesday,7,No,1685,2999,322,295,424,1794,953,237,0,54.0,16.0,70,1363,732
156,135700,Photo,Product,September,Monday,11,No,3756,7094,469,408,613,4935,2556,365,16,117.0,30.0,163,3287,1200
157,135700,Photo,Inspiration,September,Monday,2,No,2656,4862,390,309,445,3273,1722,309,1,115.0,21.0,137,2266,934
158,135700,Photo,Product,September,Sunday,10,No,5086,9493,622,509,757,6200,3298,489,30,187.0,35.0,252,4464,1788
159,135617,Photo,Product,September,Sunday,3,Yes,2055,3915,346,288,412,2970,1507,277,1,84.0,13.0,98,1709,548
160,135617,Photo,Inspiration,September,Saturday,9,No,9384,14948,757,452,652,11148,7020,604,6,363.0,40.0,409,8627,2364
161,135617,Photo,Product,September,Saturday,3,No,3992,7255,598,447,688,4428,2420,435,6,244.0,32.0,282,3394,1572
162,135617,Photo,Inspiration,September,Friday,10,No,7512,13633,769,614,951,5503,3260,530,22,290.0,98.0,410,6743,4252
163,135617,Status,Product,September,Friday,4,No,11096,21080,1843,1724,2106,16095,8120,1604,4,243.0,41.0,288,9253,2976
164,135428,Photo,Action,September,Thursday,10,No,1060,2004,266,251,337,1705,870,204,0,18.0,,18,794,190
165,135428,Photo,Product,September,Thursday,3,Yes,2790,4879,435,360,513,3501,1999,351,0,113.0,19.0,132,2355,791
166,135428,Photo,Action,September,Wednesday,10,Yes,13856,37716,519,450,672,26832,9064,389,2,77.0,5.0,84,13337,4792
167,135428,Photo,Inspiration,September,Wednesday,2,Yes,10748,19724,892,498,719,13674,7624,704,8,485.0,64.0,557,9856,3124
168,135428,Photo,Action,September,Tuesday,10,No,41984,68290,3370,2420,4074,34802,20928,2126,144,1622.0,208.0,1974,38614,21056
169,135428,Photo,Product,September,Tuesday,2,Yes,2522,4583,455,390,547,3031,1674,333,6,99.0,16.0,121,2067,848
170,135195,Photo,Inspiration,September,Monday,9,No,4480,8039,572,430,599,5014,2704,416,3,188.0,26.0,217,3908,1776
171,135195,Photo,Action,September,Monday,2,No,1543,2874,360,334,463,2373,1228,267,2,30.0,6.0,38,1183,315
172,135195,Status,Product,September,Sunday,10,No,21256,41906,4840,4754,5906,35455,17592,4318,38,163.0,27.0,228,16416,3664
173,135195,Photo,Action,September,Sunday,4,No,4484,7829,545,424,629,4208,2412,382,6,179.0,40.0,225,3939,2072
174,135195,Photo,Product,September,Saturday,3,No,4398,8105,584,446,669,4799,2616,431,5,204.0,34.0,243,3814,1782
175,135195,Status,Product,September,Friday,10,Yes,13216,24738,2675,2584,2969,19599,10232,2342,2,165.0,22.0,189,10541,2984
176,135195,Photo,Inspiration,September,Friday,3,Yes,22304,37159,1805,984,1618,22864,13304,1349,29,1047.0,98.0,1174,20499,9000
177,135195,Photo,Action,September,Thursday,11,No,6208,10830,644,473,678,6866,4016,495,2,234.0,40.0,276,5564,2192
178,135195,Photo,Product,September,Thursday,2,No,4518,8533,626,482,729,4215,2254,439,7,250.0,42.0,299,3892,2264
179,135195,Photo,Product,September,Wednesday,10,No,3582,6518,537,430,597,3857,2124,404,4,154.0,36.0,194,3045,1458
180,134879,Status,Product,September,Wednesday,4,Yes,9124,17776,1476,1397,1797,13887,7092,1331,20,150.0,29.0,199,7648,2032
181,134879,Photo,Action,September,Tuesday,10,No,14152,38806,631,549,836,19409,6632,404,4,102.0,8.0,114,13521,7520
182,134879,Photo,Inspiration,September,Tuesday,2,Yes,4260,7989,588,435,622,4578,2432,436,1,226.0,44.0,271,3672,1828
183,134879,Video,Action,September,Monday,10,No,30624,56950,2080,1956,3253,32033,15744,1376,6,345.0,121.0,472,28544,14880
184,134879,Photo,Product,September,Monday,3,No,2363,4223,393,348,476,3332,1788,297,11,68.0,11.0,90,1970,575
185,134879,Photo,Action,September,Sunday,10,No,2232,4005,374,335,458,3247,1740,278,0,62.0,10.0,72,1858,492
186,134879,Photo,Product,September,Sunday,6,No,4048,7217,544,405,602,4046,2280,368,5,223.0,35.0,263,3504,1768
187,134879,Photo,Product,September,Saturday,10,No,1804,2968,330,280,352,2293,1354,234,0,61.0,6.0,67,1474,450
188,134879,Photo,Inspiration,September,Saturday,4,Yes,2351,4028,371,298,392,3112,1791,288,1,104.0,12.0,117,1980,560
189,133679,Photo,Product,September,Monday,10,No,3100,5388,518,422,609,3927,2274,367,3,146.0,15.0,164,2582,826
190,133679,Photo,Inspiration,September,Monday,3,Yes,2360,4004,436,365,486,2757,1603,300,2,102.0,15.0,119,1924,757
191,133679,Photo,Inspiration,August,Sunday,10,No,19648,33643,1359,695,990,24034,13528,1020,9,766.0,43.0,818,18289,6120
192,133679,Photo,Product,August,Sunday,4,No,2295,3721,377,324,402,3121,1882,269,0,63.0,7.0,70,1918,413
193,133594,Photo,Product,August,Saturday,10,Yes,3934,6330,512,437,599,5010,3082,384,3,113.0,17.0,133,3422,852
194,133594,Photo,Action,August,Saturday,3,No,34512,76659,1666,1333,1977,54860,22816,1278,6,442.0,42.0,490,32846,11696
195,133594,Photo,Product,August,Friday,10,No,5282,8730,703,530,772,5123,3244,470,9,278.0,43.0,330,4579,2038
196,133594,Photo,Action,August,Friday,8,No,1809,3130,399,359,494,2541,1435,289,2,64.0,7.0,73,1410,374
197,133594,Photo,Product,August,Thursday,13,No,1920,3124,365,331,428,2541,1519,251,1,52.0,7.0,60,1555,401
198,133451,Photo,Action,August,Wednesday,9,Yes,1954,3530,356,333,443,3295,1772,252,0,30.0,2.0,32,1598,182
199,132817,Photo,Inspiration,August,Wednesday,10,No,33536,64850,1954,1016,1678,50076,24448,1564,33,1155.0,102.0,1290,31582,9088
200,132817,Photo,Product,August,Wednesday,3,Yes,4204,7191,498,408,596,5161,2974,387,2,139.0,25.0,166,3706,1230
201,132817,Photo,Action,August,Tuesday,9,No,3376,6557,428,409,631,5700,2806,331,0,40.0,5.0,45,2948,570
202,132817,Status,Product,August,Tuesday,2,Yes,9236,16054,1151,1130,1560,14014,7880,1075,2,53.0,15.0,70,8085,1356
203,132817,Photo,Inspiration,August,Monday,10,No,72864,205934,946,759,1158,122474,30912,646,4,220.0,19.0,243,71918,41952
204,132817,Photo,Inspiration,August,Monday,3,No,3358,5682,394,323,523,4200,2426,298,2,114.0,16.0,132,2964,932
205,132201,Photo,Action,August,Sunday,12,Yes,3254,5644,371,344,513,5069,2846,283,0,39.0,3.0,42,2883,408
206,132201,Photo,Action,August,Sunday,3,No,50640,121234,2240,1577,2779,92348,34880,1790,4,859.0,68.0,931,48400,15760
207,132201,Photo,Product,August,Saturday,10,No,3734,6218,529,434,794,4831,2868,389,5,137.0,20.0,162,3205,866
208,132201,Photo,Inspiration,August,Saturday,3,No,2594,4220,347,315,529,3418,2067,248,1,54.0,11.0,66,2247,527
209,132201,Photo,Product,August,Friday,10,Yes,2232,3772,376,322,440,2205,1306,257,2,74.0,22.0,98,1856,926
210,132201,Photo,Inspiration,August,Friday,3,Yes,22120,54734,979,906,1751,46700,17528,796,6,98.0,3.0,107,21141,4592
211,132201,Photo,Inspiration,August,Thursday,10,No,7980,12978,630,398,521,9342,5372,467,2,264.0,21.0,287,7350,2608
212,132201,Photo,Product,August,Thursday,1,No,1659,2845,345,321,424,1604,915,239,3,36.0,11.0,50,1314,744
213,132201,Photo,Inspiration,August,Wednesday,11,Yes,1006,1594,277,268,354,1055,651,187,1,11.0,3.0,15,729,355
214,132201,Photo,Inspiration,August,Wednesday,3,Yes,12728,21685,844,461,683,15779,8844,657,4,435.0,31.0,470,11884,3884
215,131956,Photo,Action,August,Tuesday,10,No,28880,64746,1062,991,1971,40181,15808,740,2,114.0,10.0,126,27818,13072
216,131956,Photo,Product,August,Tuesday,4,No,1330,2327,363,351,433,1475,827,230,2,17.0,9.0,28,967,503
217,131956,Status,Product,August,Monday,12,No,14424,26000,304,286,383,25539,14056,291,41,15.0,1.0,57,14120,368
218,131956,Photo,Action,August,Monday,7,No,14200,26728,1393,1354,3214,25610,13376,1233,3,87.0,10.0,100,12807,824
219,131956,Photo,Inspiration,August,Sunday,12,No,5746,9874,769,632,1063,7407,4288,584,16,227.0,28.0,271,4977,1458
220,131956,Photo,Product,August,Sunday,4,No,2540,4372,389,330,458,3655,2063,279,2,86.0,8.0,96,2151,477
221,131956,Photo,Inspiration,August,Saturday,10,No,4324,7241,548,431,676,4972,3008,401,6,179.0,27.0,212,3776,1316
222,131808,Status,Product,August,Saturday,4,No,8260,14305,997,953,1211,12905,7360,956,1,74.0,11.0,86,7263,900
223,131808,Status,Product,August,Friday,10,Yes,20168,35904,3370,3244,5106,26881,15056,2806,18,332.0,54.0,404,16798,5112
224,131808,Photo,Action,August,Friday,6,No,5046,9084,528,477,906,7723,4184,421,2,80.0,21.0,103,4518,862
225,131808,Status,Product,July,Thursday,14,No,15296,25269,2827,2781,3627,22103,13296,2602,9,95.0,17.0,121,12469,2000
226,131728,Photo,Inspiration,July,Thursday,8,Yes,3414,6369,473,342,525,4518,2390,360,3,188.0,26.0,217,2941,1024
227,131728,Photo,Action,July,Wednesday,10,Yes,95424,252207,699,575,882,78287,22016,417,6,109.0,11.0,126,94725,73408
228,131728,Photo,Product,July,Wednesday,3,No,14824,21863,868,591,966,13498,8560,650,64,367.0,25.0,456,13956,6264
229,131630,Photo,Product,July,Tuesday,13,No,3504,5699,444,374,497,4487,2730,348,9,102.0,19.0,130,3060,774
230,131630,Photo,Inspiration,July,Monday,23,No,2822,5058,424,351,486,3681,2020,327,2,113.0,20.0,135,2398,802
231,131630,Photo,Inspiration,July,Monday,13,No,2973,5063,356,297,415,3764,2208,266,0,94.0,20.0,114,2617,765
232,131630,Status,Product,July,Monday,6,Yes,10824,20573,135,126,153,20030,10384,126,6,14.0,1.0,21,10689,440
233,131630,Photo,Action,July,Sunday,11,No,4592,6691,320,289,423,3238,2100,222,1,43.0,10.0,54,4272,2492
234,131630,Photo,Product,July,Sunday,5,No,3176,5278,372,319,577,3993,2426,279,1,98.0,21.0,120,2804,750
235,131300,Status,Product,July,Saturday,10,No,10956,19279,128,119,130,18838,10564,123,3,13.0,1.0,17,10828,392
236,131300,Photo,Inspiration,July,Saturday,4,No,10888,19744,913,783,1370,14425,8048,722,12,237.0,45.0,294,9975,2840
237,131300,Photo,Product,July,Friday,10,No,3594,6316,424,354,530,4319,2468,309,4,112.0,23.0,139,3170,1126
238,131300,Photo,Action,July,Friday,2,No,3384,6166,451,395,561,4708,2508,344,2,101.0,25.0,128,2933,876
239,130791,Photo,Product,July,Thursday,11,Yes,4096,7200,487,406,723,4911,2826,355,10,145.0,31.0,186,3609,1270
240,130791,Photo,Inspiration,July,Thursday,3,No,19968,35161,1016,592,909,26701,14792,757,6,535.0,83.0,624,18952,5176
241,130791,Photo,Action,July,Wednesday,11,No,4892,8499,536,460,721,7389,4206,428,4,118.0,22.0,144,4356,686
242,130791,Status,Product,July,Wednesday,6,No,17360,33613,2573,2448,6017,23338,11800,1905,9,484.0,79.0,572,14787,5560
243,130791,Video,Action,July,Tuesday,11,Yes,21872,40413,3872,3822,7327,24667,12920,2218,18,315.0,76.0,409,18000,8952
244,130791,Photo,Product,July,Tuesday,5,Yes,180480,319133,8072,4010,6242,108752,51456,3316,372,5172.0,790.0,6334,172408,129024
245,130791,Photo,Action,July,Monday,13,No,44464,66824,1052,930,1571,22904,14080,559,4,154.0,30.0,188,43412,30384
246,130791,Photo,Product,July,Monday,8,No,2881,5188,550,503,730,3840,2040,323,0,73.0,15.0,88,2331,841
247,129600,Photo,Product,July,Sunday,12,No,3460,6503,541,482,667,4371,2260,314,0,96.0,19.0,115,2919,1200
248,129600,Photo,Inspiration,July,Sunday,6,No,3406,5656,571,512,731,4446,2598,355,1,98.0,19.0,118,2835,808
249,129600,Photo,Product,July,Saturday,11,Yes,2602,4349,479,444,588,3342,1946,287,1,53.0,14.0,68,2123,656
250,129600,Photo,Action,July,Saturday,6,Yes,5848,9068,622,570,795,6651,4212,383,4,71.0,10.0,85,5226,1636
251,129600,Photo,Action,July,Friday,11,No,26944,43464,877,740,1097,20270,10208,563,6,194.0,34.0,234,26067,16736
252,129600,Photo,Inspiration,July,Friday,5,No,5292,9321,756,646,1033,5867,3404,516,6,226.0,42.0,274,4536,1888
253,129600,Status,Product,July,Thursday,12,Yes,15576,27513,2417,2327,3098,19078,10840,1839,11,238.0,51.0,300,13159,4736
254,129600,Photo,Inspiration,July,Thursday,3,No,54256,82011,1620,963,1419,42128,24224,977,10,755.0,58.0,823,52636,30032
255,129600,Photo,Product,July,Wednesday,12,Yes,3726,6372,602,574,785,4760,2852,399,30,47.0,8.0,85,3124,874
256,129600,Photo,Action,July,Wednesday,6,Yes,31904,50539,863,770,1106,24010,12992,583,2,126.0,32.0,160,31041,18912
257,129600,Photo,Action,July,Tuesday,13,Yes,40336,65309,1407,1330,2251,27771,14848,907,4,104.0,10.0,118,38929,25488
258,129600,Photo,Product,July,Tuesday,1,No,4220,7774,685,597,838,4404,2326,407,10,167.0,26.0,203,3535,1894
259,129600,Photo,Inspiration,July,Monday,13,No,4666,8360,729,648,1014,5010,2818,459,9,152.0,41.0,202,3937,1848
260,129600,Photo,Product,July,Monday,7,Yes,4274,7948,701,638,1020,5936,3164,460,0,128.0,15.0,143,3573,1110
261,129600,Photo,Action,July,Sunday,13,No,28208,41650,964,827,1237,18035,11120,636,13,234.0,43.0,290,27244,17088
262,128032,Photo,Product,July,Sunday,3,No,3330,5461,513,478,652,3675,2196,307,2,61.0,16.0,79,2817,1134
263,128032,Photo,Product,July,Saturday,11,Yes,3528,5918,550,513,787,4606,2660,360,0,66.0,9.0,75,2978,868
264,128032,Photo,Inspiration,July,Saturday,3,No,38576,55398,1355,890,1328,17365,12624,827,7,529.0,60.0,596,37221,25952
265,128032,Photo,Inspiration,July,Friday,13,Yes,2628,4264,528,503,652,3086,1846,328,3,42.0,10.0,55,2100,782
266,128032,Photo,Action,July,Friday,3,No,7232,12735,758,700,1236,8855,4712,471,2,75.0,24.0,101,6474,2520
267,128032,Status,Product,July,Thursday,10,No,10188,16978,1473,1441,2136,14450,8536,1395,13,61.0,13.0,87,8715,1652
268,128032,Photo,Action,July,Thursday,3,No,6408,11881,909,861,14974,7243,4040,490,26,162.0,7.0,195,5499,2368
269,128032,Photo,Action,July,Wednesday,9,Yes,3414,6050,515,493,710,5005,2704,340,2,47.0,4.0,53,2899,710
270,128032,Photo,Product,July,Wednesday,5,Yes,53056,65260,2003,1412,2089,23679,17104,975,6,696.0,28.0,730,51053,35952
271,128032,Photo,Action,July,Tuesday,10,Yes,66976,111502,1191,1054,1641,40203,19968,708,7,215.0,47.0,269,65785,47008
272,127082,Photo,Action,July,Tuesday,3,Yes,76096,94644,2889,2495,4596,31096,19744,1276,22,534.0,31.0,587,73207,56352
273,126424,Photo,Inspiration,July,Wednesday,12,No,5458,9098,1007,933,1181,5307,3204,537,1,143.0,27.0,171,4451,2254
274,126424,Photo,Product,July,Wednesday,3,No,3706,6194,895,884,1173,4700,2726,493,18,46.0,7.0,71,2811,980
275,126424,Status,Product,July,Tuesday,13,No,18320,31448,3742,3682,7854,25584,14920,3300,36,98.0,14.0,148,14578,3400
276,126424,Photo,Inspiration,July,Tuesday,4,Yes,2316,3611,722,716,862,2545,1529,372,0,25.0,5.0,30,1594,787
277,126424,Video,Action,June,Monday,13,No,139008,277100,1779,1643,2356,107502,38720,1008,23,204.0,44.0,271,137229,100288
278,126345,Photo,Action,June,Monday,9,Yes,5854,11854,1043,947,19779,5901,2894,583,11,202.0,5.0,218,4811,2960
279,126345,Photo,Action,June,Monday,3,No,109056,191324,2552,2457,4906,48765,25024,1353,7,148.0,39.0,194,106504,84032
280,126345,Photo,Product,June,Sunday,12,No,3212,4908,735,720,897,3399,2162,375,1,40.0,8.0,49,2477,1050
281,126345,Photo,Product,June,Sunday,4,No,3046,4909,909,872,1147,3559,2126,477,1,71.0,17.0,89,2137,920
282,126345,Status,Product,June,Saturday,11,No,12044,20327,2240,2193,3599,17717,10400,2119,0,104.0,13.0,117,9804,1644
283,126141,Photo,Action,June,Saturday,4,Yes,9652,16968,1400,1381,2801,15917,8972,1035,1,34.0,4.0,39,8252,680
284,126141,Photo,Action,June,Friday,12,No,28112,47721,1631,1537,2438,41207,23440,1225,11,129.0,12.0,152,26481,4672
285,126141,Status,Product,June,Friday,4,No,8628,14847,870,843,1692,11970,6796,774,4,72.0,18.0,94,7758,1832
286,126141,Photo,Action,June,Thursday,11,Yes,2431,4180,389,383,7980,3963,2301,342,0,15.0,3.0,18,2042,130
287,126141,Photo,Action,June,Wednesday,22,Yes,20560,24112,936,860,1126,5648,3856,460,14,102.0,9.0,125,19624,16704
288,126141,Photo,Action,June,Wednesday,12,No,20896,29062,1418,1038,2048,19738,13656,998,103,469.0,33.0,605,19478,7240
289,125612,Photo,Action,June,Wednesday,11,No,2402,4072,170,145,286,3147,1794,137,5,57.0,5.0,67,2232,608
290,125612,Photo,Action,June,Wednesday,7,No,1729,3289,596,591,735,2888,1406,340,0,23.0,2.0,25,1133,323
291,125612,Photo,Product,June,Wednesday,3,No,4320,7127,753,681,1021,4569,2782,459,5,141.0,26.0,172,3567,1538
292,125612,Photo,Action,June,Tuesday,11,No,2585,4410,569,560,781,3802,2144,348,0,19.0,5.0,24,2016,441
293,125612,Photo,Product,June,Tuesday,3,No,3322,5969,610,569,852,4111,2236,375,1,71.0,23.0,95,2712,1086
294,125612,Photo,Action,June,Monday,13,No,3600,5807,691,656,913,3351,2110,436,0,72.0,21.0,93,2909,1490
295,125612,Photo,Action,June,Monday,2,No,11620,21564,1160,1138,2042,20024,10568,920,5,54.0,7.0,66,10460,1052
296,125612,Photo,Inspiration,June,Sunday,14,No,4248,7004,724,671,920,5063,3114,501,5,93.0,19.0,117,3524,1134
297,125612,Photo,Inspiration,June,Sunday,3,No,2763,4388,564,523,650,3519,2124,375,0,62.0,10.0,72,2199,639
298,125612,Photo,Product,June,Saturday,11,No,3558,5396,621,568,775,3708,2392,403,0,78.0,16.0,94,2937,1166
299,124940,Photo,Action,June,Saturday,4,No,8324,14480,840,834,1388,13786,7736,662,0,14.0,1.0,15,7484,588
300,124940,Photo,Product,June,Friday,9,No,6952,11469,909,779,1229,7431,4292,646,11,231.0,43.0,285,6043,2660
301,124940,Photo,Inspiration,June,Friday,2,Yes,2823,4955,552,503,622,3579,1966,348,1,72.0,16.0,89,2271,857
302,124940,Photo,Action,June,Thursday,13,Yes,63840,102620,1382,1229,1871,32470,16480,760,9,197.0,28.0,234,62458,47360
303,124940,Photo,Inspiration,June,Thursday,3,Yes,11608,15323,985,705,940,8419,5840,594,4,330.0,29.0,363,10623,5768
304,124940,Photo,Action,June,Wednesday,12,No,58304,80871,884,715,1034,2289,1408,340,0,148.0,7.0,155,57420,56896
305,124940,Photo,Inspiration,June,Wednesday,2,No,4762,8303,842,725,1014,6086,3494,569,2,208.0,28.0,238,3920,1268
306,124940,Photo,Product,June,Tuesday,13,No,6150,10217,750,676,969,6253,3742,445,12,148.0,28.0,188,5400,2408
307,124940,Photo,Inspiration,June,Tuesday,3,Yes,4644,8178,768,683,1000,5651,3144,506,4,154.0,26.0,184,3876,1500
308,124940,Photo,Inspiration,June,Monday,13,No,22464,29650,1029,934,1408,9376,6864,546,3,142.0,18.0,163,21435,15600
309,124940,Photo,Inspiration,June,Monday,3,No,3754,6295,791,730,1072,4343,2590,482,8,107.0,20.0,135,2963,1164
310,124940,Photo,Action,June,Sunday,13,No,4452,7998,666,658,948,7037,3768,397,0,22.0,3.0,25,3786,684
311,124940,Photo,Inspiration,June,Sunday,3,No,3576,5525,664,618,870,4229,2672,403,2,84.0,13.0,99,2912,904
312,124940,Photo,Inspiration,June,Saturday,10,No,3028,4794,579,548,740,3574,2184,349,2,59.0,12.0,73,2449,844
313,124940,Photo,Inspiration,June,Saturday,3,Yes,4022,6503,647,616,995,5416,3312,423,3,65.0,14.0,82,3375,710
314,124940,Photo,Action,June,Friday,12,Yes,52736,73584,1635,1622,2824,18580,10144,876,0,24.0,4.0,28,51101,42592
315,124940,Photo,Inspiration,June,Friday,4,No,47376,70212,1557,1426,2051,22710,13344,697,9,186.0,23.0,218,45819,34032
316,123047,Photo,Inspiration,June,Thursday,12,No,3234,5113,756,724,937,3476,2174,347,0,58.0,17.0,75,2478,1060
317,123047,Photo,Product,June,Thursday,3,No,3322,5553,702,656,863,3484,1968,328,2,74.0,14.0,90,2620,1354
318,123047,Photo,Inspiration,June,Wednesday,13,No,6768,11525,768,672,930,7048,4012,408,2,180.0,44.0,226,6000,2756
319,123047,Photo,Product,June,Wednesday,5,Yes,11304,20647,1141,1065,1874,14792,7800,732,18,168.0,49.0,235,10163,3504
320,123047,Photo,Action,June,Tuesday,11,No,13544,18474,759,733,1082,7326,4120,408,0,36.0,5.0,41,12785,9424
321,123047,Photo,Inspiration,June,Monday,13,No,3418,5659,581,546,770,4491,2620,327,2,51.0,6.0,59,2837,798
322,123047,Photo,Inspiration,June,Monday,5,Yes,3662,6476,560,522,677,4930,2660,319,2,67.0,14.0,83,3102,1002
323,123047,Photo,Inspiration,June,Sunday,10,No,56672,104966,2579,1334,1850,78678,37408,1831,20,1372.0,47.0,1439,54093,19264
324,123047,Photo,Inspiration,June,Sunday,3,Yes,3294,5499,526,488,599,4658,2710,305,2,57.0,6.0,65,2768,584
325,121540,Photo,Inspiration,June,Sunday,3,No,3110,5405,732,712,892,4605,2540,342,2,33.0,10.0,45,2378,570
326,121540,Photo,Product,May,Saturday,14,No,3806,6486,722,658,880,4955,2772,361,1,79.0,17.0,97,3084,1034
327,120050,Photo,Inspiration,May,Thursday,9,Yes,3776,6736,577,529,719,4846,2614,371,3,97.0,22.0,122,3199,1162
328,120050,Photo,Inspiration,May,Wednesday,12,No,39040,55633,1684,1183,2123,32021,19712,1101,16,617.0,58.0,691,37356,19328
329,120050,Photo,Inspiration,May,Wednesday,4,Yes,4032,7278,684,607,848,4935,2644,432,7,139.0,34.0,180,3348,1388
330,120050,Photo,Inspiration,May,Tuesday,12,No,21248,34095,1049,918,1438,11280,6664,536,20,199.0,32.0,251,20199,14584
331,119198,Photo,Inspiration,May,Tuesday,5,No,4344,8025,692,626,872,4911,2528,367,1,107.0,26.0,134,3652,1816
332,119198,Photo,Inspiration,May,Monday,12,No,2718,4698,566,528,663,3601,1992,306,0,50.0,10.0,60,2152,726
333,119198,Photo,Inspiration,May,Monday,1,No,3024,5630,596,560,721,4114,2098,341,0,64.0,20.0,84,2428,926
334,119198,Status,Product,May,Sunday,2,No,10152,17099,1636,1599,2755,15382,8980,1613,2,55.0,10.0,67,8516,1172
335,119198,Photo,Product,May,Saturday,2,No,4708,8090,678,594,889,4664,2690,390,1,142.0,37.0,180,4030,2018
336,119198,Photo,Inspiration,May,Friday,14,No,2772,4642,526,479,604,3353,1943,305,2,72.0,9.0,83,2246,829
337,119198,Photo,Inspiration,May,Friday,6,No,2812,4954,536,485,672,3382,1853,323,4,79.0,16.0,99,2276,959
338,119198,Photo,Inspiration,May,Thursday,10,Yes,6460,11373,823,706,1197,6279,3612,505,25,244.0,44.0,313,5637,2848
339,117764,Photo,Action,May,Wednesday,10,No,18056,32576,1062,875,1389,26514,14728,701,25,307.0,58.0,390,16994,3328
340,117764,Photo,Inspiration,May,Wednesday,4,No,5016,8745,679,569,966,5904,3322,488,6,212.0,36.0,254,4337,1694
341,117764,Photo,Inspiration,May,Tuesday,11,No,3528,6181,470,415,583,4249,2352,322,2,95.0,17.0,114,3058,1176
342,117764,Photo,Product,May,Monday,11,No,6444,11509,734,625,1157,7910,4136,512,5,194.0,33.0,232,5710,2308
343,117764,Photo,Inspiration,May,Sunday,13,Yes,4458,7753,491,432,676,5493,3106,340,6,101.0,29.0,136,3967,1352
344,117764,Link,Action,May,Sunday,2,No,12540,19301,344,322,396,16914,11008,289,3,46.0,14.0,63,12196,1532
345,117764,Photo,Inspiration,May,Saturday,13,Yes,4362,7378,604,509,767,5681,3216,469,3,156.0,20.0,179,3758,1146
346,117764,Photo,Inspiration,May,Saturday,2,No,38960,65149,2298,1702,3000,57722,34368,1978,37,821.0,90.0,948,36662,4592
347,117764,Photo,Inspiration,May,Friday,13,No,3144,5067,392,356,507,3586,2148,271,1,58.0,13.0,72,2752,996
348,117764,Photo,Inspiration,May,Friday,8,Yes,4336,7705,574,484,847,5156,2752,403,12,155.0,23.0,190,3762,1584
349,117764,Photo,Inspiration,May,Thursday,13,No,81856,124753,3000,1637,2718,52477,27392,1756,45,1639.0,122.0,1806,78856,54464
350,116435,Photo,Product,May,Thursday,9,No,5728,10164,676,587,1049,6890,3714,475,3,155.0,32.0,190,5052,2014
351,116435,Photo,Inspiration,May,Wednesday,13,Yes,5490,9518,647,555,847,6549,3716,476,4,166.0,33.0,203,4843,1774
352,116435,Status,Action,May,Wednesday,3,Yes,23832,42313,1701,1570,2838,37816,21352,1578,6,210.0,39.0,255,22131,2480
353,116435,Photo,Inspiration,May,Tuesday,7,No,18552,25542,1005,676,1021,15973,10584,676,4,400.0,25.0,429,17547,7968
354,116435,Photo,Product,May,Monday,14,No,4132,7165,552,495,713,4908,2754,398,2,98.0,18.0,118,3580,1378
355,116435,Photo,Action,May,Monday,8,No,4910,9209,625,561,869,5768,2812,411,12,138.0,38.0,188,4285,2098
356,116435,Photo,Inspiration,May,Sunday,13,No,4202,7633,562,481,730,6173,3298,428,3,148.0,16.0,167,3640,904
357,116091,Photo,Product,May,Sunday,3,No,5976,10441,689,544,833,7055,4046,487,2,267.0,40.0,309,5287,1930
358,116091,Photo,Product,May,Saturday,14,No,5206,8962,565,492,878,6461,3708,414,1,144.0,29.0,174,4641,1498
359,116091,Photo,Inspiration,May,Saturday,2,No,6984,12066,780,631,1116,8188,4776,570,25,256.0,54.0,335,6204,2208
360,116091,Photo,Action,May,Friday,9,No,6000,10300,577,539,886,7886,4454,429,3,72.0,24.0,99,5423,1546
361,116091,Photo,Inspiration,May,Friday,3,No,3332,5797,463,406,552,4347,2330,341,0,87.0,18.0,105,2869,1002
362,116091,Status,Product,May,Thursday,7,No,9232,16811,908,861,1967,12996,7200,843,1,129.0,36.0,166,8324,2032
363,115893,Photo,Inspiration,April,Wednesday,15,Yes,5212,9035,736,642,1005,6258,3608,597,1,179.0,30.0,210,4476,1604
364,115893,Photo,Action,April,Tuesday,13,No,24264,51899,1599,1485,3153,48466,21928,1392,9,194.0,33.0,236,22665,2336
365,115368,Photo,Inspiration,April,Tuesday,8,No,4280,7594,624,555,771,4632,2530,497,1,124.0,32.0,157,3656,1750
366,115368,Photo,Inspiration,April,Monday,13,No,6692,11859,905,742,1165,8391,4692,737,4,304.0,47.0,355,5787,2000
367,115368,Photo,Inspiration,April,Monday,2,Yes,5594,9586,739,670,1048,5732,3256,555,12,138.0,39.0,189,4855,2338
368,115368,Photo,Action,April,Sunday,2,No,11336,15350,583,547,724,13876,10160,484,4,41.0,9.0,54,10753,1176
369,113028,Photo,Product,April,Saturday,3,Yes,5582,9903,708,620,923,6315,3422,557,2,163.0,35.0,200,4874,2160
370,113028,Photo,Action,April,Friday,14,No,28352,55202,1476,1242,1990,47899,24512,1185,45,407.0,76.0,528,26876,3840
371,113028,Status,Product,April,Friday,3,Yes,17912,34774,2750,2567,6591,21009,11408,2256,17,447.0,123.0,587,15162,6504
372,113028,Link,Action,April,Thursday,7,Yes,35360,45260,339,325,477,9105,5472,156,7,38.0,11.0,56,35021,29888
373,113028,Photo,Action,April,Thursday,5,No,9084,15194,962,916,1897,11853,7024,758,2,93.0,26.0,121,8122,2060
374,113028,Photo,Action,April,Wednesday,12,Yes,6880,11736,671,639,889,9389,5232,556,0,59.0,16.0,75,6209,1648
375,111620,Photo,Inspiration,April,Wednesday,7,Yes,12824,18929,830,623,864,15678,10968,705,0,286.0,30.0,316,11994,1856
376,111620,Photo,Inspiration,April,Tuesday,7,No,6596,9835,564,526,678,8242,5352,456,0,66.0,13.0,79,6032,1244
377,111620,Photo,Inspiration,April,Monday,13,Yes,7492,12414,838,713,1274,8452,5024,670,8,236.0,51.0,295,6654,2468
378,111620,Photo,Action,April,Monday,6,Yes,44288,60918,1215,1105,1746,22130,14224,814,2,152.0,11.0,165,43073,30064
379,111620,Photo,Inspiration,April,Sunday,14,Yes,105632,147918,3984,2254,3391,48575,27328,1936,51,1998.0,128.0,2177,101648,78304
380,111620,Photo,Action,April,Saturday,14,No,128064,251269,1539,1408,2506,84046,32384,985,8,186.0,18.0,212,126525,95680
381,109670,Photo,Inspiration,April,Friday,20,No,5994,9970,964,838,1254,6896,3998,683,11,235.0,34.0,280,5030,1996
382,109670,Photo,Action,April,Friday,13,No,6172,10417,718,684,906,7692,4234,508,1,64.0,22.0,87,5454,1938
383,109670,Photo,Inspiration,April,Friday,3,No,4986,8198,662,614,788,5685,3230,469,2,92.0,28.0,122,4324,1756
384,109670,Photo,Action,April,Thursday,13,No,6668,10701,669,642,943,7956,4696,492,3,53.0,13.0,69,5999,1972
385,109670,Photo,Inspiration,April,Thursday,7,Yes,5298,8875,657,575,874,5640,3206,471,5,140.0,38.0,183,4641,2092
386,109670,Photo,Action,April,Wednesday,3,No,35008,45508,621,597,768,8149,4864,389,0,48.0,8.0,56,34387,30144
387,109670,Photo,Action,April,Tuesday,13,Yes,5402,8891,700,633,1078,6733,3992,514,0,112.0,14.0,126,4702,1410
388,109670,Photo,Action,April,Tuesday,8,No,9880,12695,524,497,658,7072,4732,382,0,35.0,5.0,40,9356,5148
389,109670,Photo,Action,April,Monday,13,No,3334,5953,584,565,842,4954,2604,440,4,37.0,3.0,44,2750,730
390,109670,Photo,Inspiration,April,Monday,2,Yes,3130,5313,522,495,616,3821,2112,385,0,48.0,14.0,62,2608,1018
391,109670,Photo,Product,April,Sunday,13,Yes,32208,55696,1933,1367,2123,43980,24720,1568,6,766.0,109.0,881,30275,7488
392,109670,Photo,Action,April,Sunday,2,No,20920,26026,705,642,913,13546,9768,538,1,96.0,18.0,115,20215,11152
393,109670,Photo,Inspiration,April,Saturday,14,No,3884,6406,518,483,597,4747,2686,392,1,57.0,13.0,71,3366,1198
394,107907,Photo,Inspiration,April,Saturday,13,No,4240,7057,601,542,730,5026,2868,461,3,114.0,21.0,138,3639,1372
395,107907,Photo,Action,April,Friday,9,No,3544,6156,509,482,701,5011,2746,387,1,51.0,6.0,58,3035,798
396,107907,Photo,Inspiration,April,Friday,3,Yes,3286,6276,504,458,633,4010,2162,376,1,87.0,27.0,115,2782,1124
397,107907,Photo,Action,April,Thursday,9,No,71360,110172,1784,1732,3383,47977,25888,1103,5,81.0,11.0,97,69576,45472
398,107907,Photo,Inspiration,April,Thursday,3,No,3824,6333,666,627,822,4447,2604,462,1,71.0,18.0,90,3158,1220
399,107907,Photo,Inspiration,April,Wednesday,13,No,6360,11079,715,631,1028,6661,3864,505,9,164.0,52.0,225,5645,2496
400,107907,Photo,Inspiration,April,Wednesday,5,Yes,3714,6385,537,481,645,4441,2512,395,5,91.0,26.0,122,3177,1202
401,107907,Photo,Action,April,Tuesday,13,Yes,46192,80227,1364,1096,1697,32842,16960,762,9,329.0,38.0,376,44828,29232
402,107907,Photo,Action,April,Tuesday,4,Yes,39568,47128,741,652,957,22022,16096,519,4,128.0,17.0,149,38827,23472
403,107907,Link,Action,April,Monday,6,No,70912,94172,1374,1106,1267,42338,27232,788,1,379.0,40.0,420,69538,43680
404,107907,Photo,Inspiration,April,Sunday,3,No,4552,7253,471,444,569,4440,2664,316,1,52.0,24.0,77,4081,1888
405,107907,Photo,Inspiration,April,Saturday,10,No,4390,7004,484,453,602,4607,2862,347,1,63.0,26.0,90,3906,1528
406,107907,Photo,Inspiration,April,Saturday,3,No,4770,7716,494,455,632,5040,3114,344,2,97.0,25.0,124,4276,1656
407,106928,Photo,Inspiration,April,Friday,9,Yes,2970,4649,421,390,544,3346,2044,301,2,56.0,9.0,67,2549,926
408,106928,Link,Action,April,Friday,4,No,34192,42092,338,322,389,22907,16464,230,1,36.0,7.0,44,33854,17728
409,106928,Photo,Product,April,Thursday,13,No,5302,8769,624,566,979,6021,3606,441,4,138.0,26.0,168,4678,1696
410,106928,Photo,Product,April,Thursday,3,No,5560,9301,642,586,984,6600,3916,463,7,142.0,24.0,173,4918,1644
411,106928,Photo,Inspiration,April,Wednesday,13,No,4406,6769,477,433,571,4550,2830,335,1,75.0,15.0,91,3929,1576
412,106928,Photo,Action,April,Wednesday,3,Yes,5290,8132,612,570,857,6032,3794,454,1,89.0,14.0,104,4678,1496
413,104070,Photo,Action,March,Thursday,14,Yes,3696,5824,517,474,742,4166,2650,391,2,63.0,16.0,81,3179,1046
414,104070,Photo,Action,March,Wednesday,14,Yes,6030,9579,735,659,1448,6956,4418,572,3,176.0,29.0,208,5295,1612
415,104070,Photo,Action,March,Wednesday,7,No,49632,1110282,1653,1480,2567,1107833,48368,1513,7,227.0,15.0,249,47979,1264
416,104070,Status,Action,March,Tuesday,15,No,9120,14759,951,937,1290,13246,8004,924,3,25.0,6.0,34,8169,1116
417,104070,Photo,Action,March,Tuesday,10,No,1874,2474,25,25,31,1483,1062,15,0,0.0,0.0,0,1849,812
418,102112,Photo,Action,March,Tuesday,10,No,4122,7073,466,455,609,5827,3302,361,1,27.0,11.0,39,3656,820
419,102112,Photo,Action,March,Tuesday,4,No,5080,8238,523,505,727,6630,3892,403,0,39.0,14.0,53,4557,1188
420,102112,Photo,Action,March,Monday,12,No,4068,7333,538,513,934,5914,3198,402,0,61.0,13.0,74,3530,870
421,102112,Photo,Action,March,Monday,3,No,3272,6079,463,446,653,5079,2644,357,0,32.0,7.0,39,2809,628
422,102112,Photo,Action,March,Sunday,19,No,238,570,143,142,834,567,236,99,0,2.0,0.0,2,95,2
423,102112,Photo,Action,March,Sunday,18,No,3358,5900,541,507,4550,4650,2800,344,8,109.0,3.0,120,2817,558
424,102112,Photo,Action,March,Sunday,18,No,6400,11941,735,726,8415,10987,5916,628,0,32.0,6.0,38,5665,484
425,102112,Link,Inspiration,March,Sunday,3,No,6876,10885,282,245,337,9403,5752,259,2,68.0,15.0,85,6594,1124
426,100732,Photo,Action,March,Saturday,18,No,391,746,131,130,766,723,380,93,0,6.0,1.0,7,260,11
427,100732,Photo,Action,March,Saturday,17,No,10844,22468,1409,1339,11064,18310,8848,1086,4,213.0,13.0,230,9435,1996
428,100732,Photo,Action,March,Saturday,15,No,5132,9067,398,398,1690,9065,5132,393,0,2.0,0.0,2,4734,0
429,100732,Photo,Action,March,Saturday,15,No,3772,6971,144,144,1033,6932,3758,140,0,3.0,0.0,3,3628,14
430,100732,Link,Action,March,Saturday,14,No,2933,5144,24,23,26,3972,2012,19,0,6.0,0.0,6,2909,921
431,100732,Photo,Action,March,Saturday,12,No,4094,7469,206,203,1420,7451,4088,200,0,4.0,0.0,4,3888,6
432,100732,Photo,Action,March,Friday,17,No,452,726,186,184,889,721,450,114,0,4.0,1.0,5,266,2
433,100732,Photo,Action,March,Friday,17,No,11420,23855,1411,1342,8049,16634,8032,865,12,211.0,14.0,237,10009,3388
434,100732,Photo,Action,March,Friday,15,No,5704,10510,452,450,2895,9348,5388,361,1,15.0,1.0,17,5252,316
435,100732,Photo,Action,March,Friday,15,No,7192,12811,587,554,3941,11519,6616,472,11,95.0,4.0,110,6605,576
436,100732,Photo,Action,March,Friday,13,Yes,9604,16557,1061,1037,9614,13618,7984,705,16,127.0,0.0,143,8543,1620
437,100732,Photo,Action,March,Friday,10,No,122944,457509,1373,1268,2106,72846,13184,475,0,136.0,13.0,149,121571,109760
438,98195,Link,Product,March,Friday,6,No,5730,10083,103,71,97,8964,4830,92,2,32.0,15.0,49,5627,900
439,98195,Photo,Action,March,Friday,3,No,4898,7960,560,528,719,6380,3730,363,1,76.0,9.0,86,4338,1168
440,98195,Photo,Action,March,Thursday,10,No,4118,7355,546,526,675,6423,3466,379,1,28.0,7.0,36,3572,652
441,98195,Photo,Action,March,Thursday,4,Yes,1845,2670,9,9,9,1614,1008,9,0,0.0,0.0,0,1836,837
442,98195,Photo,Inspiration,March,Wednesday,13,No,34480,191207,1591,1156,1926,184270,30720,1292,10,664.0,97.0,771,32889,3760
443,96749,Photo,Inspiration,March,Monday,9,No,5338,9940,589,556,715,8146,3920,363,1,62.0,10.0,73,4749,1418
444,96749,Photo,Product,March,Monday,5,No,5312,9411,603,582,795,7034,3588,345,0,48.0,20.0,68,4709,1724
445,96749,Photo,Action,March,Sunday,13,Yes,4412,8070,711,678,926,6937,3478,346,1,55.0,7.0,63,3701,934
446,96749,Photo,Action,March,Sunday,2,Yes,98816,125026,11452,11328,18115,16682,10336,1356,10,197.0,21.0,228,87364,88480
447,96749,Photo,Action,March,Saturday,10,Yes,7220,12735,2348,2300,3311,9837,5296,642,6,88.0,24.0,118,4872,1924
448,96749,Photo,Action,March,Saturday,5,Yes,14320,21958,1850,1819,2170,9579,4664,413,2,59.0,6.0,67,12470,9656
449,93684,Photo,Action,February,Friday,13,Yes,27056,162816,2299,2127,2737,160270,25424,1146,6,234.0,26.0,266,24757,1632
450,93577,Photo,Action,February,Friday,6,No,20528,33000,1876,1800,2654,14636,7632,656,3,148.0,21.0,172,18652,12896
451,93470,Photo,Action,February,Thursday,12,No,6416,11459,1362,1313,1652,9122,4716,497,0,96.0,29.0,125,5054,1700
452,93363,Photo,Action,February,Thursday,6,No,5786,10634,1237,1218,1526,9103,4764,483,4,49.0,15.0,68,4549,1022
453,93256,Photo,Inspiration,February,Wednesday,12,No,5878,10508,1132,1087,1380,8471,4528,446,3,98.0,27.0,128,4746,1350
454,93149,Photo,Inspiration,February,Wednesday,3,No,9528,16535,1383,1288,1834,11276,6260,630,14,198.0,70.0,282,8145,3268
455,93042,Photo,Inspiration,February,Tuesday,13,No,8500,14157,1095,1029,1422,9670,5640,465,5,159.0,53.0,217,7405,2860
456,92935,Photo,Action,February,Tuesday,9,Yes,3796,6737,949,940,1192,5249,2694,398,1,22.0,6.0,29,2847,1102
457,92828,Photo,Action,February,Tuesday,6,No,28128,42940,2283,2190,3400,9183,4560,621,6,154.0,18.0,178,25845,23568
458,92721,Photo,Inspiration,February,Monday,13,No,7228,12627,1239,1189,1612,9781,5348,606,5,128.0,32.0,165,5989,1880
459,92614,Photo,Product,February,Monday,3,Yes,5290,9100,1053,994,1326,6285,3578,441,2,129.0,32.0,163,4237,1712
460,92507,Photo,Inspiration,February,Sunday,13,No,55520,665792,4544,3586,6624,648611,47488,3430,146,1546.0,181.0,1873,50976,8032
461,92400,Photo,Action,February,Sunday,4,No,5880,10115,1291,1264,1878,8536,4884,706,5,79.0,11.0,95,4589,996
462,92293,Photo,Inspiration,February,Saturday,13,Yes,10040,17029,1429,1346,2022,11744,6964,742,19,214.0,78.0,311,8611,3076
463,92186,Photo,Inspiration,February,Saturday,2,Yes,153536,497910,1713,1633,2493,8907,5696,593,8,134.0,34.0,176,151823,147840
464,92079,Photo,Action,February,Friday,13,No,158208,453213,2482,2319,3412,81938,20608,1034,9,268.0,36.0,313,155726,137600
465,91972,Photo,Inspiration,February,Friday,3,No,6484,10832,1166,1115,1441,7316,4280,583,4,128.0,38.0,170,5318,2204
466,91865,Photo,Product,February,Thursday,13,Yes,4840,7466,949,923,1116,5362,3370,447,3,47.0,21.0,71,3891,1470
467,91758,Photo,Product,February,Thursday,3,Yes,15880,51571,1188,1071,1410,47976,13560,677,1,200.0,37.0,238,14692,2320
468,91651,Photo,Action,February,Wednesday,12,No,15288,31467,1573,1401,2110,28247,13312,1052,5,264.0,36.0,305,13715,1976
469,91544,Photo,Inspiration,February,Wednesday,3,No,9528,16779,1245,1175,1725,11885,6672,729,10,193.0,61.0,264,8283,2856
470,91437,Link,Action,February,Tuesday,13,No,9356,14986,448,381,505,13919,8460,392,4,114.0,13.0,131,8908,896
471,91330,Photo,Inspiration,February,Tuesday,3,No,7732,13264,1066,1002,1336,8753,4880,570,7,160.0,57.0,224,6666,2852
472,91223,Photo,Action,February,Monday,13,No,5240,8893,857,837,1020,7420,4232,466,0,46.0,15.0,61,4383,1008
473,91116,Photo,Inspiration,February,Monday,4,Yes,7132,12060,1004,944,1226,8294,4736,576,4,136.0,42.0,182,6128,2396
474,91009,Photo,Action,February,Sunday,12,No,21928,39641,1512,1479,1837,6338,3672,497,0,73.0,13.0,86,20416,18256
475,86909,Photo,Inspiration,January,Friday,16,Yes,5754,9238,1179,1143,1452,6101,3546,420,0,65.0,19.0,84,4575,2208
476,86909,Photo,Action,January,Friday,10,Yes,37088,10966,2728,2288,3183,66311,34352,2021,7,579.0,47.0,633,34360,2736
477,86909,Link,Action,January,Friday,4,No,39600,7927,572,496,581,12522,8176,167,1,101.0,5.0,107,39028,31424
478,86909,Photo,Inspiration,January,Thursday,13,No,5536,8745,1141,1099,1461,5225,3098,483,1,74.0,31.0,106,4395,2438
479,86909,Photo,Inspiration,January,Thursday,4,No,6056,10325,1117,1078,1427,6823,3788,487,7,84.0,36.0,127,4939,2268
480,86909,Photo,Product,January,Wednesday,11,No,11484,20696,1762,1635,2741,8774,5124,722,56,360.0,99.0,515,9722,6360
481,86491,Link,Action,January,Wednesday,4,Yes,4938,7910,66,63,70,6625,3804,59,0,5.0,2.0,7,4872,1134
482,86491,Photo,Inspiration,January,Tuesday,10,No,66784,9456,2969,2833,3645,17809,11328,801,3,187.0,36.0,226,63815,55456
483,86491,Photo,Product,January,Tuesday,3,No,5526,8779,1096,1058,1399,5732,3412,453,2,69.0,26.0,97,4430,2114
484,86491,Photo,Inspiration,January,Monday,7,No,5040,8367,1062,1023,1348,5485,3068,437,2,82.0,24.0,108,3978,1972
485,86491,Link,Action,January,Monday,2,No,5168,8371,66,59,71,7041,3996,58,0,12.0,2.0,14,5102,1172
486,85979,Photo,Inspiration,January,Sunday,12,No,5034,8030,1020,993,1243,5340,3094,440,2,56.0,25.0,83,4014,1940
487,85979,Photo,Inspiration,January,Sunday,2,No,4908,7491,957,937,1153,4642,2842,393,1,44.0,21.0,66,3951,2066
488,85979,Photo,Inspiration,January,Saturday,10,No,9700,17442,1407,1271,2007,8872,4876,660,21,277.0,80.0,378,8293,4824
489,85979,Photo,Inspiration,January,Saturday,2,No,4800,7754,975,938,1278,4932,2820,432,1,74.0,28.0,103,3825,1980
490,85979,Photo,Inspiration,January,Friday,11,No,5280,8703,951,911,1237,5757,3300,431,1,79.0,30.0,110,4329,1980
491,85979,Photo,Inspiration,January,Friday,3,Yes,6184,10228,956,901,1140,6085,3502,437,1,105.0,46.0,152,5228,2682
492,85979,Link,Action,January,Thursday,11,No,45920,5808,753,655,763,15766,10720,220,0,128.0,9.0,137,45167,35200
493,85093,Photo,Inspiration,January,Sunday,2,No,8412,13960,1179,1111,1632,8632,5348,699,17,185.0,55.0,257,7233,3064
494,85093,Photo,Inspiration,January,Saturday,10,No,5400,9218,810,756,1003,5654,3230,422,10,125.0,41.0,176,4590,2170
495,85093,Photo,Inspiration,January,Saturday,2,No,4684,7536,733,708,985,4750,2876,392,5,53.0,26.0,84,3951,1808
496,81370,Photo,Product,January,Thursday,8,No,3480,6229,537,508,687,3961,2104,301,0,53.0,22.0,75,2943,1376
497,81370,Photo,Action,January,Thursday,2,No,3778,7216,625,572,795,4742,2388,363,4,93.0,18.0,115,3153,1390
498,81370,Photo,Inspiration,January,Wednesday,11,No,4156,7564,626,574,832,4534,2452,370,7,91.0,38.0,136,3530,1704
499,81370,Photo,Product,January,Wednesday,4,,4188,7292,564,524,743,3861,2200,316,0,91.0,28.0,119,3624,1988